date,eff_tariff_rate,tariff_source,sp500,vix,event_short,impact_type,story_act,is_event
2024-01-01,2.5,key_events_step,,,,,,False
2024-01-02,2.5,key_events_step,4742.83,13.2,,,,False
2024-01-03,2.5,key_events_step,4704.81,14.04,,,,False
2024-01-04,2.5,key_events_step,4688.68,14.13,,,,False
2024-01-05,2.5,key_events_step,4697.24,13.35,,,,False
2024-01-06,2.5,key_events_step,,,,,,False
2024-01-07,2.5,key_events_step,,,,,,False
2024-01-08,2.5,key_events_step,4763.54,13.08,,,,False
2024-01-09,2.5,key_events_step,4756.5,12.76,,,,False
2024-01-10,2.5,key_events_step,4783.45,12.69,,,,False
2024-01-11,2.5,key_events_step,4780.24,12.44,,,,False
2024-01-12,2.5,key_events_step,4783.83,12.7,,,,False
2024-01-13,2.5,key_events_step,,,,,,False
2024-01-14,2.5,key_events_step,,,,,,False
2024-01-15,2.5,key_events_step,,13.25,,,,False
2024-01-16,2.5,key_events_step,4765.98,13.84,,,,False
2024-01-17,2.5,key_events_step,4739.21,14.79,,,,False
2024-01-18,2.5,key_events_step,4780.94,14.13,,,,False
2024-01-19,2.5,key_events_step,4839.81,13.3,,,,False
2024-01-20,2.5,key_events_step,,,,,,False
2024-01-21,2.5,key_events_step,,,,,,False
2024-01-22,2.5,key_events_step,4850.43,13.19,,,,False
2024-01-23,2.5,key_events_step,4864.6,12.55,,,,False
2024-01-24,2.5,key_events_step,4868.55,13.14,,,,False
2024-01-25,2.5,key_events_step,4894.16,13.45,,,,False
2024-01-26,2.5,key_events_step,4890.97,13.26,,,,False
2024-01-27,2.5,key_events_step,,,,,,False
2024-01-28,2.5,key_events_step,,,,,,False
2024-01-29,2.5,key_events_step,4927.93,13.6,,,,False
2024-01-30,2.5,key_events_step,4924.97,13.31,,,,False
2024-01-31,2.5,key_events_step,4845.65,14.35,,,,False
2024-02-01,2.5,key_events_step,4906.19,13.88,,,,False
2024-02-02,2.5,key_events_step,4958.61,13.85,,,,False
2024-02-03,2.5,key_events_step,,,,,,False
2024-02-04,2.5,key_events_step,,,,,,False
2024-02-05,2.5,key_events_step,4942.81,13.67,,,,False
2024-02-06,2.5,key_events_step,4954.23,13.06,,,,False
2024-02-07,2.5,key_events_step,4995.06,12.83,,,,False
2024-02-08,2.5,key_events_step,4997.91,12.79,,,,False
2024-02-09,2.5,key_events_step,5026.61,12.93,,,,False
2024-02-10,2.5,key_events_step,,,,,,False
2024-02-11,2.5,key_events_step,,,,,,False
2024-02-12,2.5,key_events_step,5021.84,13.93,,,,False
2024-02-13,2.5,key_events_step,4953.17,15.85,,,,False
2024-02-14,2.5,key_events_step,5000.62,14.38,,,,False
2024-02-15,2.5,key_events_step,5029.73,14.01,,,,False
2024-02-16,2.5,key_events_step,5005.57,14.24,,,,False
2024-02-17,2.5,key_events_step,,,,,,False
2024-02-18,2.5,key_events_step,,,,,,False
2024-02-19,2.5,key_events_step,,14.71,,,,False
2024-02-20,2.5,key_events_step,4975.51,15.42,,,,False
2024-02-21,2.5,key_events_step,4981.8,15.34,,,,False
2024-02-22,2.5,key_events_step,5087.03,14.54,,,,False
2024-02-23,2.5,key_events_step,5088.8,13.75,,,,False
2024-02-24,2.5,key_events_step,,,,,,False
2024-02-25,2.5,key_events_step,,,,,,False
2024-02-26,2.5,key_events_step,5069.53,13.74,,,,False
2024-02-27,2.5,key_events_step,5078.18,13.43,,,,False
2024-02-28,2.5,key_events_step,5069.76,13.84,,,,False
2024-02-29,2.5,key_events_step,5096.27,13.4,,,,False
2024-03-01,2.5,key_events_step,5137.08,13.11,,,,False
2024-03-02,2.5,key_events_step,,,,,,False
2024-03-03,2.5,key_events_step,,,,,,False
2024-03-04,2.5,key_events_step,5130.95,13.49,,,,False
2024-03-05,2.5,key_events_step,5078.65,14.46,,,,False
2024-03-06,2.5,key_events_step,5104.76,14.5,,,,False
2024-03-07,2.5,key_events_step,5157.36,14.44,,,,False
2024-03-08,2.5,key_events_step,5123.69,14.74,,,,False
2024-03-09,2.5,key_events_step,,,,,,False
2024-03-10,2.5,key_events_step,,,,,,False
2024-03-11,2.5,key_events_step,5117.94,15.22,,,,False
2024-03-12,2.5,key_events_step,5175.27,13.84,,,,False
2024-03-13,2.5,key_events_step,5165.31,13.75,,,,False
2024-03-14,2.5,key_events_step,5150.48,14.4,,,,False
2024-03-15,2.5,key_events_step,5117.09,14.41,,,,False
2024-03-16,2.5,key_events_step,,,,,,False
2024-03-17,2.5,key_events_step,,,,,,False
2024-03-18,2.5,key_events_step,5149.42,14.33,,,,False
2024-03-19,2.5,key_events_step,5178.51,13.82,,,,False
2024-03-20,2.5,key_events_step,5224.62,13.04,,,,False
2024-03-21,2.5,key_events_step,5241.53,12.92,,,,False
2024-03-22,2.5,key_events_step,5234.18,13.06,,,,False
2024-03-23,2.5,key_events_step,,,,,,False
2024-03-24,2.5,key_events_step,,,,,,False
2024-03-25,2.5,key_events_step,5218.19,13.19,,,,False
2024-03-26,2.5,key_events_step,5203.58,13.24,,,,False
2024-03-27,2.5,key_events_step,5248.49,12.78,,,,False
2024-03-28,2.5,key_events_step,5254.35,13.01,,,,False
2024-03-29,2.5,key_events_step,,,,,,False
2024-03-30,2.5,key_events_step,,,,,,False
2024-03-31,2.5,key_events_step,,,,,,False
2024-04-01,2.5,key_events_step,5243.77,13.65,,,,False
2024-04-02,2.5,key_events_step,5205.81,14.61,,,,False
2024-04-03,2.5,key_events_step,5211.49,14.33,,,,False
2024-04-04,2.5,key_events_step,5147.21,16.35,,,,False
2024-04-05,2.5,key_events_step,5204.34,16.03,,,,False
2024-04-06,2.5,key_events_step,,,,,,False
2024-04-07,2.5,key_events_step,,,,,,False
2024-04-08,2.5,key_events_step,5202.39,15.19,,,,False
2024-04-09,2.5,key_events_step,5209.91,14.98,,,,False
2024-04-10,2.5,key_events_step,5160.64,15.8,,,,False
2024-04-11,2.5,key_events_step,5199.06,14.91,,,,False
2024-04-12,2.5,key_events_step,5123.41,17.31,,,,False
2024-04-13,2.5,key_events_step,,,,,,False
2024-04-14,2.5,key_events_step,,,,,,False
2024-04-15,2.5,key_events_step,5061.82,19.23,,,,False
2024-04-16,2.5,key_events_step,5051.41,18.4,,,,False
2024-04-17,2.5,key_events_step,5022.21,18.21,,,,False
2024-04-18,2.5,key_events_step,5011.12,18.0,,,,False
2024-04-19,2.5,key_events_step,4967.23,18.71,,,,False
2024-04-20,2.5,key_events_step,,,,,,False
2024-04-21,2.5,key_events_step,,,,,,False
2024-04-22,2.5,key_events_step,5010.6,16.94,,,,False
2024-04-23,2.5,key_events_step,5070.55,15.69,,,,False
2024-04-24,2.5,key_events_step,5071.63,15.97,,,,False
2024-04-25,2.5,key_events_step,5048.42,15.37,,,,False
2024-04-26,2.5,key_events_step,5099.96,15.03,,,,False
2024-04-27,2.5,key_events_step,,,,,,False
2024-04-28,2.5,key_events_step,,,,,,False
2024-04-29,2.5,key_events_step,5116.17,14.67,,,,False
2024-04-30,2.5,key_events_step,5035.69,15.65,,,,False
2024-05-01,2.5,key_events_step,5018.39,15.39,,,,False
2024-05-02,2.5,key_events_step,5064.2,14.68,,,,False
2024-05-03,2.5,key_events_step,5127.79,13.49,,,,False
2024-05-04,2.5,key_events_step,,,,,,False
2024-05-05,2.5,key_events_step,,,,,,False
2024-05-06,2.5,key_events_step,5180.74,13.49,,,,False
2024-05-07,2.5,key_events_step,5187.7,13.23,,,,False
2024-05-08,2.5,key_events_step,5187.67,13.0,,,,False
2024-05-09,2.5,key_events_step,5214.08,12.69,,,,False
2024-05-10,2.5,key_events_step,5222.68,12.55,,,,False
2024-05-11,2.5,key_events_step,,,,,,False
2024-05-12,2.5,key_events_step,,,,,,False
2024-05-13,2.5,key_events_step,5221.42,13.6,,,,False
2024-05-14,2.5,key_events_step,5246.68,13.42,,,,False
2024-05-15,2.5,key_events_step,5308.15,12.45,,,,False
2024-05-16,2.5,key_events_step,5297.1,12.42,,,,False
2024-05-17,2.5,key_events_step,5303.27,11.99,,,,False
2024-05-18,2.5,key_events_step,,,,,,False
2024-05-19,2.5,key_events_step,,,,,,False
2024-05-20,2.5,key_events_step,5308.13,12.15,,,,False
2024-05-21,2.5,key_events_step,5321.41,11.86,,,,False
2024-05-22,2.5,key_events_step,5307.01,12.29,,,,False
2024-05-23,2.5,key_events_step,5267.84,12.77,,,,False
2024-05-24,2.5,key_events_step,5304.72,11.93,,,,False
2024-05-25,2.5,key_events_step,,,,,,False
2024-05-26,2.5,key_events_step,,,,,,False
2024-05-27,2.5,key_events_step,,12.36,,,,False
2024-05-28,2.5,key_events_step,5306.04,12.92,,,,False
2024-05-29,2.5,key_events_step,5266.95,14.28,,,,False
2024-05-30,2.5,key_events_step,5235.48,14.47,,,,False
2024-05-31,2.5,key_events_step,5277.51,12.92,,,,False
2024-06-01,2.5,key_events_step,,,,,,False
2024-06-02,2.5,key_events_step,,,,,,False
2024-06-03,2.5,key_events_step,5283.4,13.11,,,,False
2024-06-04,2.5,key_events_step,5291.34,13.16,,,,False
2024-06-05,2.5,key_events_step,5354.03,12.63,,,,False
2024-06-06,2.5,key_events_step,5352.96,12.58,,,,False
2024-06-07,2.5,key_events_step,5346.99,12.22,,,,False
2024-06-08,2.5,key_events_step,,,,,,False
2024-06-09,2.5,key_events_step,,,,,,False
2024-06-10,2.5,key_events_step,5360.79,12.74,,,,False
2024-06-11,2.5,key_events_step,5375.32,12.85,,,,False
2024-06-12,2.5,key_events_step,5421.03,12.04,,,,False
2024-06-13,2.5,key_events_step,5433.74,11.94,,,,False
2024-06-14,2.5,key_events_step,5431.6,12.66,,,,False
2024-06-15,2.5,key_events_step,,,,,,False
2024-06-16,2.5,key_events_step,,,,,,False
2024-06-17,2.5,key_events_step,5473.23,12.75,,,,False
2024-06-18,2.5,key_events_step,5487.03,12.3,,,,False
2024-06-19,2.5,key_events_step,,12.48,,,,False
2024-06-20,2.5,key_events_step,5473.17,13.28,,,,False
2024-06-21,2.5,key_events_step,5464.62,13.2,,,,False
2024-06-22,2.5,key_events_step,,,,,,False
2024-06-23,2.5,key_events_step,,,,,,False
2024-06-24,2.5,key_events_step,5447.87,13.33,,,,False
2024-06-25,2.5,key_events_step,5469.3,12.84,,,,False
2024-06-26,2.5,key_events_step,5477.9,12.55,,,,False
2024-06-27,2.5,key_events_step,5482.87,12.24,,,,False
2024-06-28,2.5,key_events_step,5460.48,12.44,,,,False
2024-06-29,2.5,key_events_step,,,,,,False
2024-06-30,2.5,key_events_step,,,,,,False
2024-07-01,2.5,key_events_step,5475.09,12.22,,,,False
2024-07-02,2.5,key_events_step,5509.01,12.03,,,,False
2024-07-03,2.5,key_events_step,5537.02,12.09,,,,False
2024-07-04,2.5,key_events_step,,12.26,,,,False
2024-07-05,2.5,key_events_step,5567.19,12.48,,,,False
2024-07-06,2.5,key_events_step,,,,,,False
2024-07-07,2.5,key_events_step,,,,,,False
2024-07-08,2.5,key_events_step,5572.85,12.37,,,,False
2024-07-09,2.5,key_events_step,5576.98,12.51,,,,False
2024-07-10,2.5,key_events_step,5633.91,12.85,,,,False
2024-07-11,2.5,key_events_step,5584.54,12.92,,,,False
2024-07-12,2.5,key_events_step,5615.35,12.46,,,,False
2024-07-13,2.5,key_events_step,,,,,,False
2024-07-14,2.5,key_events_step,,,,,,False
2024-07-15,2.5,key_events_step,5631.22,13.12,,,,False
2024-07-16,2.5,key_events_step,5667.2,13.19,,,,False
2024-07-17,2.5,key_events_step,5588.27,14.48,,,,False
2024-07-18,2.5,key_events_step,5544.59,15.93,,,,False
2024-07-19,2.5,key_events_step,5505.0,16.52,,,,False
2024-07-20,2.5,key_events_step,,,,,,False
2024-07-21,2.5,key_events_step,,,,,,False
2024-07-22,2.5,key_events_step,5564.41,14.91,,,,False
2024-07-23,2.5,key_events_step,5555.74,14.72,,,,False
2024-07-24,2.5,key_events_step,5427.13,18.04,,,,False
2024-07-25,2.5,key_events_step,5399.22,18.46,,,,False
2024-07-26,2.5,key_events_step,5459.1,16.39,,,,False
2024-07-27,2.5,key_events_step,,,,,,False
2024-07-28,2.5,key_events_step,,,,,,False
2024-07-29,2.5,key_events_step,5463.54,16.6,,,,False
2024-07-30,2.5,key_events_step,5436.44,17.69,,,,False
2024-07-31,2.5,key_events_step,5522.3,16.36,,,,False
2024-08-01,2.5,key_events_step,5446.68,18.59,,,,False
2024-08-02,2.5,key_events_step,5346.56,23.39,,,,False
2024-08-03,2.5,key_events_step,,,,,,False
2024-08-04,2.5,key_events_step,,,,,,False
2024-08-05,2.5,key_events_step,5186.33,38.57,,,,False
2024-08-06,2.5,key_events_step,5240.03,27.71,,,,False
2024-08-07,2.5,key_events_step,5199.5,27.85,,,,False
2024-08-08,2.5,key_events_step,5319.31,23.79,,,,False
2024-08-09,2.5,key_events_step,5344.16,20.37,,,,False
2024-08-10,2.5,key_events_step,,,,,,False
2024-08-11,2.5,key_events_step,,,,,,False
2024-08-12,2.5,key_events_step,5344.39,20.71,,,,False
2024-08-13,2.5,key_events_step,5434.43,18.12,,,,False
2024-08-14,2.5,key_events_step,5455.21,16.19,,,,False
2024-08-15,2.5,key_events_step,5543.22,15.23,,,,False
2024-08-16,2.5,key_events_step,5554.25,14.8,,,,False
2024-08-17,2.5,key_events_step,,,,,,False
2024-08-18,2.5,key_events_step,,,,,,False
2024-08-19,2.5,key_events_step,5608.25,14.65,,,,False
2024-08-20,2.5,key_events_step,5597.12,15.88,,,,False
2024-08-21,2.5,key_events_step,5620.85,16.27,,,,False
2024-08-22,2.5,key_events_step,5570.64,17.55,,,,False
2024-08-23,2.5,key_events_step,5634.61,15.86,,,,False
2024-08-24,2.5,key_events_step,,,,,,False
2024-08-25,2.5,key_events_step,,,,,,False
2024-08-26,2.5,key_events_step,5616.84,16.15,,,,False
2024-08-27,2.5,key_events_step,5625.8,15.43,,,,False
2024-08-28,2.5,key_events_step,5592.18,17.11,,,,False
2024-08-29,2.5,key_events_step,5591.96,15.65,,,,False
2024-08-30,2.5,key_events_step,5648.4,15.0,,,,False
2024-08-31,2.5,key_events_step,,,,,,False
2024-09-01,2.5,key_events_step,,,,,,False
2024-09-02,2.5,key_events_step,,15.55,,,,False
2024-09-03,2.5,key_events_step,5528.93,20.72,,,,False
2024-09-04,2.5,key_events_step,5520.07,21.32,,,,False
2024-09-05,2.5,key_events_step,5503.41,19.9,,,,False
2024-09-06,2.5,key_events_step,5408.42,22.38,,,,False
2024-09-07,2.5,key_events_step,,,,,,False
2024-09-08,2.5,key_events_step,,,,,,False
2024-09-09,2.5,key_events_step,5471.05,19.45,,,,False
2024-09-10,2.5,key_events_step,5495.52,19.08,,,,False
2024-09-11,2.5,key_events_step,5554.13,17.69,,,,False
2024-09-12,2.5,key_events_step,5595.76,17.07,,,,False
2024-09-13,2.5,key_events_step,5626.02,16.56,,,,False
2024-09-14,2.5,key_events_step,,,,,,False
2024-09-15,2.5,key_events_step,,,,,,False
2024-09-16,2.5,key_events_step,5633.09,17.14,,,,False
2024-09-17,2.5,key_events_step,5634.58,17.61,,,,False
2024-09-18,2.5,key_events_step,5618.26,18.23,,,,False
2024-09-19,2.5,key_events_step,5713.64,16.33,,,,False
2024-09-20,2.5,key_events_step,5702.55,16.15,,,,False
2024-09-21,2.5,key_events_step,,,,,,False
2024-09-22,2.5,key_events_step,,,,,,False
2024-09-23,2.5,key_events_step,5718.57,15.89,,,,False
2024-09-24,2.5,key_events_step,5732.93,15.39,,,,False
2024-09-25,2.5,key_events_step,5722.26,15.41,,,,False
2024-09-26,2.5,key_events_step,5745.37,15.37,,,,False
2024-09-27,2.5,key_events_step,5738.17,16.96,,,,False
2024-09-28,2.5,key_events_step,,,,,,False
2024-09-29,2.5,key_events_step,,,,,,False
2024-09-30,2.5,key_events_step,5762.48,16.73,,,,False
2024-10-01,2.5,key_events_step,5708.75,19.26,,,,False
2024-10-02,2.5,key_events_step,5709.54,18.9,,,,False
2024-10-03,2.5,key_events_step,5699.94,20.49,,,,False
2024-10-04,2.5,key_events_step,5751.07,19.21,,,,False
2024-10-05,2.5,key_events_step,,,,,,False
2024-10-06,2.5,key_events_step,,,,,,False
2024-10-07,2.5,key_events_step,5695.94,22.64,,,,False
2024-10-08,2.5,key_events_step,5751.13,21.42,,,,False
2024-10-09,2.5,key_events_step,5792.04,20.86,,,,False
2024-10-10,2.5,key_events_step,5780.05,20.93,,,,False
2024-10-11,2.5,key_events_step,5815.03,20.46,,,,False
2024-10-12,2.5,key_events_step,,,,,,False
2024-10-13,2.5,key_events_step,,,,,,False
2024-10-14,2.5,key_events_step,5859.85,19.7,,,,False
2024-10-15,2.5,key_events_step,5815.26,20.64,,,,False
2024-10-16,2.5,key_events_step,5842.47,19.58,,,,False
2024-10-17,2.5,key_events_step,5841.47,19.11,,,,False
2024-10-18,2.5,key_events_step,5864.67,18.03,,,,False
2024-10-19,2.5,key_events_step,,,,,,False
2024-10-20,2.5,key_events_step,,,,,,False
2024-10-21,2.5,key_events_step,5853.98,18.37,,,,False
2024-10-22,2.5,key_events_step,5851.2,18.2,,,,False
2024-10-23,2.5,key_events_step,5797.42,19.24,,,,False
2024-10-24,2.5,key_events_step,5809.86,19.08,,,,False
2024-10-25,2.5,key_events_step,5808.12,20.33,,,,False
2024-10-26,2.5,key_events_step,,,,,,False
2024-10-27,2.5,key_events_step,,,,,,False
2024-10-28,2.5,key_events_step,5823.52,19.8,,,,False
2024-10-29,2.5,key_events_step,5832.92,19.34,,,,False
2024-10-30,2.5,key_events_step,5813.67,20.35,,,,False
2024-10-31,2.5,key_events_step,5705.45,23.16,,,,False
2024-11-01,2.5,key_events_step,5728.8,21.88,,,,False
2024-11-02,2.5,key_events_step,,,,,,False
2024-11-03,2.5,key_events_step,,,,,,False
2024-11-04,2.5,key_events_step,5712.69,21.98,,,,False
2024-11-05,2.5,key_events_step,5782.76,20.49,,,,False
2024-11-06,2.5,key_events_step,5929.04,16.27,,,,False
2024-11-07,2.5,key_events_step,5973.1,15.2,,,,False
2024-11-08,2.5,key_events_step,5995.54,14.94,,,,False
2024-11-09,2.5,key_events_step,,,,,,False
2024-11-10,2.5,key_events_step,,,,,,False
2024-11-11,2.5,key_events_step,6001.35,14.97,,,,False
2024-11-12,2.5,key_events_step,5983.99,14.71,,,,False
2024-11-13,2.5,key_events_step,5985.38,14.02,,,,False
2024-11-14,2.5,key_events_step,5949.17,14.31,,,,False
2024-11-15,2.5,key_events_step,5870.62,16.14,,,,False
2024-11-16,2.5,key_events_step,,,,,,False
2024-11-17,2.5,key_events_step,,,,,,False
2024-11-18,2.5,key_events_step,5893.62,15.58,,,,False
2024-11-19,2.5,key_events_step,5916.98,16.35,,,,False
2024-11-20,2.5,key_events_step,5917.11,17.16,,,,False
2024-11-21,2.5,key_events_step,5948.71,16.87,,,,False
2024-11-22,2.5,key_events_step,5969.34,15.24,,,,False
2024-11-23,2.5,key_events_step,,,,,,False
2024-11-24,2.5,key_events_step,,,,,,False
2024-11-25,2.5,key_events_step,5987.37,14.6,,,,False
2024-11-26,2.5,key_events_step,6021.63,14.1,,,,False
2024-11-27,2.5,key_events_step,5998.74,14.1,,,,False
2024-11-28,2.5,key_events_step,,13.9,,,,False
2024-11-29,2.5,key_events_step,6032.38,13.51,,,,False
2024-11-30,2.5,key_events_step,,,,,,False
2024-12-01,2.5,key_events_step,,,,,,False
2024-12-02,2.5,key_events_step,6047.15,13.34,,,,False
2024-12-03,2.5,key_events_step,6049.88,13.3,,,,False
2024-12-04,2.5,key_events_step,6086.49,13.45,,,,False
2024-12-05,2.5,key_events_step,6075.11,13.54,,,,False
2024-12-06,2.5,key_events_step,6090.27,12.77,,,,False
2024-12-07,2.5,key_events_step,,,,,,False
2024-12-08,2.5,key_events_step,,,,,,False
2024-12-09,2.5,key_events_step,6052.85,14.19,,,,False
2024-12-10,2.5,key_events_step,6034.91,14.18,,,,False
2024-12-11,2.5,key_events_step,6084.19,13.58,,,,False
2024-12-12,2.5,key_events_step,6051.25,13.92,,,,False
2024-12-13,2.5,key_events_step,6051.09,13.81,,,,False
2024-12-14,2.5,key_events_step,,,,,,False
2024-12-15,2.5,key_events_step,,,,,,False
2024-12-16,2.5,key_events_step,6074.08,14.69,,,,False
2024-12-17,2.5,key_events_step,6050.61,15.87,,,,False
2024-12-18,2.5,key_events_step,5872.16,27.62,,,,False
2024-12-19,2.5,key_events_step,5867.08,24.09,,,,False
2024-12-20,2.5,key_events_step,5930.85,18.36,,,,False
2024-12-21,2.5,key_events_step,,,,,,False
2024-12-22,2.5,key_events_step,,,,,,False
2024-12-23,2.5,key_events_step,5974.07,16.78,,,,False
2024-12-24,2.5,key_events_step,6040.04,14.27,,,,False
2024-12-25,2.5,key_events_step,,,,,,False
2024-12-26,2.5,key_events_step,6037.59,14.73,,,,False
2024-12-27,2.5,key_events_step,5970.84,15.95,,,,False
2024-12-28,2.5,key_events_step,,,,,,False
2024-12-29,2.5,key_events_step,,,,,,False
2024-12-30,2.5,key_events_step,5906.94,17.4,,,,False
2024-12-31,2.5,key_events_step,5881.63,17.35,,,,False
2025-01-01,2.3,tradewartracker_daily,,,,,,False
2025-01-02,2.3,tradewartracker_daily,5868.55,17.93,,,,False
2025-01-03,2.3,tradewartracker_daily,5942.47,16.13,,,,False
2025-01-04,2.3,tradewartracker_daily,,,,,,False
2025-01-05,2.3,tradewartracker_daily,,,,,,False
2025-01-06,2.3,tradewartracker_daily,5975.38,16.04,,,,False
2025-01-07,2.3,tradewartracker_daily,5909.03,17.82,,,,False
2025-01-08,2.3,tradewartracker_daily,5918.25,17.7,,,,False
2025-01-09,2.3,tradewartracker_daily,,18.07,,,,False
2025-01-10,2.3,tradewartracker_daily,5827.04,19.54,,,,False
2025-01-11,2.3,tradewartracker_daily,,,,,,False
2025-01-12,2.3,tradewartracker_daily,,,,,,False
2025-01-13,2.3,tradewartracker_daily,5836.22,19.19,,,,False
2025-01-14,2.3,tradewartracker_daily,5842.91,18.71,,,,False
2025-01-15,2.3,tradewartracker_daily,5949.91,16.12,,,,False
2025-01-16,2.3,tradewartracker_daily,5937.34,16.6,,,,False
2025-01-17,2.3,tradewartracker_daily,5996.66,15.97,,,,False
2025-01-18,2.3,tradewartracker_daily,,,,,,False
2025-01-19,2.3,tradewartracker_daily,,,,,,False
2025-01-20,2.3,tradewartracker_daily,,15.81,Trump inaugurated,tariff_up,I,True
2025-01-21,2.3,tradewartracker_daily,6049.24,15.06,,,,False
2025-01-22,2.3,tradewartracker_daily,6086.37,15.1,,,,False
2025-01-23,2.3,tradewartracker_daily,6118.71,15.02,,,,False
2025-01-24,2.3,tradewartracker_daily,6101.24,14.85,,,,False
2025-01-25,2.3,tradewartracker_daily,,,,,,False
2025-01-26,2.3,tradewartracker_daily,,,,,,False
2025-01-27,2.3,tradewartracker_daily,6012.28,17.9,,,,False
2025-01-28,2.3,tradewartracker_daily,6067.7,16.41,,,,False
2025-01-29,2.3,tradewartracker_daily,6039.31,16.56,,,,False
2025-01-30,2.3,tradewartracker_daily,6071.17,15.84,,,,False
2025-01-31,2.3,tradewartracker_daily,6040.53,16.43,,,,False
2025-02-01,2.3,tradewartracker_daily,,,IEEPA tariffs announced,tariff_up,I,True
2025-02-02,2.3,tradewartracker_daily,,,,,,False
2025-02-03,2.3,tradewartracker_daily,5994.57,18.62,,,,False
2025-02-04,4.981420886093995,tradewartracker_daily,6037.88,17.21,China retaliates,retaliation,I,True
2025-02-05,4.981420886093995,tradewartracker_daily,6061.48,15.77,,,,False
2025-02-06,4.981420886093995,tradewartracker_daily,6083.57,15.5,,,,False
2025-02-07,4.981420886093995,tradewartracker_daily,6025.99,16.54,,,,False
2025-02-08,4.981420886093995,tradewartracker_daily,,,,,,False
2025-02-09,4.981420886093995,tradewartracker_daily,,,,,,False
2025-02-10,4.981420886093995,tradewartracker_daily,6066.44,15.81,,,,False
2025-02-11,4.981420886093995,tradewartracker_daily,6068.5,16.02,,,,False
2025-02-12,4.981420886093995,tradewartracker_daily,6051.97,15.89,25% steel & aluminum,tariff_up,I,True
2025-02-13,4.981420886093995,tradewartracker_daily,6115.07,15.1,,,,False
2025-02-14,4.981420886093995,tradewartracker_daily,6114.63,14.77,,,,False
2025-02-15,4.981420886093995,tradewartracker_daily,,,,,,False
2025-02-16,4.981420886093995,tradewartracker_daily,,,,,,False
2025-02-17,4.981420886093995,tradewartracker_daily,,15.37,,,,False
2025-02-18,4.981420886093995,tradewartracker_daily,6129.58,15.35,,,,False
2025-02-19,4.981420886093995,tradewartracker_daily,6144.15,15.27,,,,False
2025-02-20,4.981420886093995,tradewartracker_daily,6117.52,15.66,,,,False
2025-02-21,4.981420886093995,tradewartracker_daily,6013.13,18.21,,,,False
2025-02-22,4.981420886093995,tradewartracker_daily,,,,,,False
2025-02-23,4.981420886093995,tradewartracker_daily,,,,,,False
2025-02-24,4.981420886093995,tradewartracker_daily,5983.25,18.98,,,,False
2025-02-25,4.981420886093995,tradewartracker_daily,5955.25,19.43,,,,False
2025-02-26,4.981420886093995,tradewartracker_daily,5956.06,19.1,,,,False
2025-02-27,4.981420886093995,tradewartracker_daily,5861.57,21.13,,,,False
2025-02-28,4.981420886093995,tradewartracker_daily,5954.5,19.63,,,,False
2025-03-01,4.981420886093995,tradewartracker_daily,,,,,,False
2025-03-02,4.981420886093995,tradewartracker_daily,,,,,,False
2025-03-03,4.981420886093995,tradewartracker_daily,5849.72,22.78,,,,False
2025-03-04,4.981420886093995,tradewartracker_daily,5778.15,23.51,Canada/Mexico tariffs active,tariff_up,I,True
2025-03-05,4.981420886093995,tradewartracker_daily,5842.63,21.93,,,,False
2025-03-06,6.548998509429659,tradewartracker_daily,5738.52,24.87,,,,False
2025-03-07,6.548998509429659,tradewartracker_daily,5770.2,23.37,,,,False
2025-03-08,6.548998509429659,tradewartracker_daily,,,,,,False
2025-03-09,6.548998509429659,tradewartracker_daily,,,,,,False
2025-03-10,6.548998509429659,tradewartracker_daily,5614.56,27.86,,,,False
2025-03-11,6.548998509429659,tradewartracker_daily,5572.07,26.92,,,,False
2025-03-12,7.230319492984171,tradewartracker_daily,5599.3,24.23,EU counter-tariffs,retaliation,I,True
2025-03-13,7.230319492984171,tradewartracker_daily,5521.52,24.66,,,,False
2025-03-14,7.230319492984171,tradewartracker_daily,5638.94,21.77,,,,False
2025-03-15,7.230319492984171,tradewartracker_daily,,,,,,False
2025-03-16,7.230319492984171,tradewartracker_daily,,,,,,False
2025-03-17,7.230319492984171,tradewartracker_daily,5675.12,20.51,,,,False
2025-03-18,7.230319492984171,tradewartracker_daily,5614.66,21.7,,,,False
2025-03-19,7.230319492984171,tradewartracker_daily,5675.29,19.9,Powell: transitory,negotiation,I,True
2025-03-20,7.230319492984171,tradewartracker_daily,5662.89,19.8,,,,False
2025-03-21,7.230319492984171,tradewartracker_daily,5667.56,19.28,,,,False
2025-03-22,7.230319492984171,tradewartracker_daily,,,,,,False
2025-03-23,7.230319492984171,tradewartracker_daily,,,,,,False
2025-03-24,7.230319492984171,tradewartracker_daily,5767.57,17.48,,,,False
2025-03-25,7.230319492984171,tradewartracker_daily,5776.65,17.15,,,,False
2025-03-26,7.230319492984171,tradewartracker_daily,5712.2,18.33,,,,False
2025-03-27,7.230319492984171,tradewartracker_daily,5693.31,18.69,,,,False
2025-03-28,7.230319492984171,tradewartracker_daily,5580.94,21.65,,,,False
2025-03-29,7.230319492984171,tradewartracker_daily,,,,,,False
2025-03-30,7.230319492984171,tradewartracker_daily,,,,,,False
2025-03-31,7.230319492984171,tradewartracker_daily,5611.85,22.28,,,,False
2025-04-01,7.230319492984171,tradewartracker_daily,5633.07,21.77,,,,False
2025-04-02,7.230319492984171,tradewartracker_daily,5670.97,21.51,Liberation Day,tariff_up,I,True
2025-04-03,8.948553246019209,tradewartracker_daily,5396.52,30.02,,,,False
2025-04-04,8.948553246019209,tradewartracker_daily,5074.08,45.31,Powell walks back transitory,negotiation,I,True
2025-04-05,24.37411161416536,tradewartracker_daily,,,,,,False
2025-04-06,24.37411161416536,tradewartracker_daily,,,,,,False
2025-04-07,24.37411161416536,tradewartracker_daily,5062.25,46.98,,,,False
2025-04-08,30.221730878719196,tradewartracker_daily,4982.77,52.33,,,,False
2025-04-09,30.221730878719196,tradewartracker_daily,5456.9,33.62,90-day pause (ex-China),tariff_down,I,True
2025-04-10,30.221730878719196,tradewartracker_daily,5268.05,40.72,US-China 125% peak,tariff_up,I,True
2025-04-11,22.15256226634243,tradewartracker_daily,5363.36,37.56,,,,False
2025-04-12,22.15256226634243,tradewartracker_daily,,,,,,False
2025-04-13,22.15256226634243,tradewartracker_daily,,,,,,False
2025-04-14,22.15256226634243,tradewartracker_daily,5405.97,30.89,,,,False
2025-04-15,22.15256226634243,tradewartracker_daily,5396.63,30.12,,,,False
2025-04-16,22.15256226634243,tradewartracker_daily,5275.7,32.64,,,,False
2025-04-17,22.15256226634243,tradewartracker_daily,5282.7,29.65,,,,False
2025-04-18,22.15256226634243,tradewartracker_daily,,,,,,False
2025-04-19,22.15256226634243,tradewartracker_daily,,,,,,False
2025-04-20,22.15256226634243,tradewartracker_daily,,,,,,False
2025-04-21,22.15256226634243,tradewartracker_daily,5158.2,33.82,,,,False
2025-04-22,22.15256226634243,tradewartracker_daily,5287.76,30.57,,,,False
2025-04-23,22.15256226634243,tradewartracker_daily,5375.86,28.45,,,,False
2025-04-24,22.15256226634243,tradewartracker_daily,5484.77,26.47,,,,False
2025-04-25,22.15256226634243,tradewartracker_daily,5525.21,24.84,,,,False
2025-04-26,22.15256226634243,tradewartracker_daily,,,,,,False
2025-04-27,22.15256226634243,tradewartracker_daily,,,,,,False
2025-04-28,22.15256226634243,tradewartracker_daily,5528.75,25.15,,,,False
2025-04-29,22.15256226634243,tradewartracker_daily,5560.83,24.17,,,,False
2025-04-30,22.15256226634243,tradewartracker_daily,5569.06,24.7,,,,False
2025-05-01,22.15256226634243,tradewartracker_daily,5604.14,24.6,,,,False
2025-05-02,22.15256226634243,tradewartracker_daily,5686.67,22.68,,,,False
2025-05-03,22.15256226634243,tradewartracker_daily,,,,,,False
2025-05-04,22.15256226634243,tradewartracker_daily,,,,,,False
2025-05-05,22.15256226634243,tradewartracker_daily,5650.38,23.64,,,,False
2025-05-06,22.15256226634243,tradewartracker_daily,5606.91,24.76,,,,False
2025-05-07,22.15256226634243,tradewartracker_daily,5631.28,23.55,,,,False
2025-05-08,22.15256226634243,tradewartracker_daily,5663.94,22.48,,,,False
2025-05-09,22.15256226634243,tradewartracker_daily,5659.91,21.9,,,,False
2025-05-10,22.15256226634243,tradewartracker_daily,,,,,,False
2025-05-11,22.15256226634243,tradewartracker_daily,,,,,,False
2025-05-12,13.83118363795429,tradewartracker_daily,5844.19,18.39,,,,False
2025-05-13,13.83118363795429,tradewartracker_daily,5886.55,18.22,,,,False
2025-05-14,13.83118363795429,tradewartracker_daily,5892.58,18.62,Geneva talks — mutual reduction,negotiation,II,True
2025-05-15,13.83118363795429,tradewartracker_daily,5916.93,17.83,,,,False
2025-05-16,13.83118363795429,tradewartracker_daily,5958.38,17.24,,,,False
2025-05-17,13.83118363795429,tradewartracker_daily,,,,,,False
2025-05-18,13.83118363795429,tradewartracker_daily,,,,,,False
2025-05-19,13.83118363795429,tradewartracker_daily,5963.6,18.14,,,,False
2025-05-20,13.83118363795429,tradewartracker_daily,5940.46,18.09,,,,False
2025-05-21,13.83118363795429,tradewartracker_daily,5844.61,20.87,,,,False
2025-05-22,13.83118363795429,tradewartracker_daily,5842.01,20.28,,,,False
2025-05-23,13.83118363795429,tradewartracker_daily,5802.82,22.29,,,,False
2025-05-24,13.83118363795429,tradewartracker_daily,,,,,,False
2025-05-25,13.83118363795429,tradewartracker_daily,,,,,,False
2025-05-26,13.83118363795429,tradewartracker_daily,,20.57,,,,False
2025-05-27,13.83118363795429,tradewartracker_daily,5921.54,18.96,,,,False
2025-05-28,13.83118363795429,tradewartracker_daily,5888.55,19.31,,,,False
2025-05-29,13.83118363795429,tradewartracker_daily,5912.17,19.18,,,,False
2025-05-30,13.83118363795429,tradewartracker_daily,5911.69,18.57,,,,False
2025-05-31,13.83118363795429,tradewartracker_daily,,,,,,False
2025-06-01,13.83118363795429,tradewartracker_daily,,,TPC distributional data released,negotiation,II,True
2025-06-02,13.83118363795429,tradewartracker_daily,5935.94,18.36,,,,False
2025-06-03,14.637977175958971,tradewartracker_daily,5970.37,17.69,,,,False
2025-06-04,14.637977175958971,tradewartracker_daily,5970.81,17.61,,,,False
2025-06-05,14.637977175958971,tradewartracker_daily,5939.3,18.48,,,,False
2025-06-06,14.637977175958971,tradewartracker_daily,6000.36,16.77,,,,False
2025-06-07,14.637977175958971,tradewartracker_daily,,,,,,False
2025-06-08,14.637977175958971,tradewartracker_daily,,,,,,False
2025-06-09,14.637977175958971,tradewartracker_daily,6005.88,17.16,,,,False
2025-06-10,14.637977175958971,tradewartracker_daily,6038.81,16.95,,,,False
2025-06-11,14.637977175958971,tradewartracker_daily,6022.24,17.26,,,,False
2025-06-12,14.637977175958971,tradewartracker_daily,6045.26,18.02,,,,False
2025-06-13,14.637977175958971,tradewartracker_daily,5976.97,20.82,,,,False
2025-06-14,14.637977175958971,tradewartracker_daily,,,,,,False
2025-06-15,14.637977175958971,tradewartracker_daily,,,,,,False
2025-06-16,14.637977175958971,tradewartracker_daily,6033.11,19.11,,,,False
2025-06-17,14.637977175958971,tradewartracker_daily,5982.72,21.6,,,,False
2025-06-18,14.637977175958971,tradewartracker_daily,5980.87,20.14,,,,False
2025-06-19,14.637977175958971,tradewartracker_daily,,22.17,,,,False
2025-06-20,14.637977175958971,tradewartracker_daily,5967.84,20.62,,,,False
2025-06-21,14.637977175958971,tradewartracker_daily,,,,,,False
2025-06-22,14.637977175958971,tradewartracker_daily,,,,,,False
2025-06-23,14.637977175958971,tradewartracker_daily,6025.17,19.83,,,,False
2025-06-24,14.637977175958971,tradewartracker_daily,6092.18,17.48,,,,False
2025-06-25,14.637977175958971,tradewartracker_daily,6092.16,16.76,,,,False
2025-06-26,17.0,key_events_step,6141.02,16.59,,,,False
2025-06-27,17.0,key_events_step,6173.07,16.32,,,,False
2025-06-28,17.0,key_events_step,,,,,,False
2025-06-29,17.0,key_events_step,,,,,,False
2025-06-30,17.0,key_events_step,6204.95,16.73,,,,False
2025-07-01,17.0,key_events_step,6198.01,16.83,,,,False
2025-07-02,17.0,key_events_step,6227.42,16.64,,,,False
2025-07-03,17.0,key_events_step,6279.35,16.38,,,,False
2025-07-04,17.0,key_events_step,,17.48,,,,False
2025-07-05,17.0,key_events_step,,,,,,False
2025-07-06,17.0,key_events_step,,,,,,False
2025-07-07,17.0,key_events_step,6229.98,17.79,,,,False
2025-07-08,17.0,key_events_step,6225.52,16.81,,,,False
2025-07-09,20.0,key_events_step,6263.26,15.94,90-day pause expires,tariff_up,II,True
2025-07-10,20.0,key_events_step,6280.46,15.78,,,,False
2025-07-11,20.0,key_events_step,6259.75,16.4,,,,False
2025-07-12,20.0,key_events_step,,,,,,False
2025-07-13,20.0,key_events_step,,,,,,False
2025-07-14,20.0,key_events_step,6268.56,17.2,,,,False
2025-07-15,20.0,key_events_step,6243.76,17.38,,,,False
2025-07-16,20.0,key_events_step,6263.7,17.16,,,,False
2025-07-17,20.0,key_events_step,6297.36,16.52,,,,False
2025-07-18,20.0,key_events_step,6296.79,16.41,,,,False
2025-07-19,20.0,key_events_step,,,,,,False
2025-07-20,20.0,key_events_step,,,,,,False
2025-07-21,20.0,key_events_step,6305.6,16.65,,,,False
2025-07-22,20.0,key_events_step,6309.62,16.5,,,,False
2025-07-23,20.0,key_events_step,6358.91,15.37,,,,False
2025-07-24,20.0,key_events_step,6363.35,15.39,,,,False
2025-07-25,20.0,key_events_step,6388.64,14.93,,,,False
2025-07-26,20.0,key_events_step,,,,,,False
2025-07-27,20.0,key_events_step,,,,,,False
2025-07-28,20.0,key_events_step,6389.77,15.03,,,,False
2025-07-29,20.0,key_events_step,6370.86,15.98,,,,False
2025-07-30,20.0,key_events_step,6362.9,15.48,,,,False
2025-07-31,20.0,key_events_step,6339.39,16.72,,,,False
2025-08-01,20.0,key_events_step,6238.01,20.38,,,,False
2025-08-02,20.0,key_events_step,,,,,,False
2025-08-03,20.0,key_events_step,,,,,,False
2025-08-04,20.0,key_events_step,6329.94,17.52,,,,False
2025-08-05,20.0,key_events_step,6299.19,17.85,,,,False
2025-08-06,20.0,key_events_step,6345.06,16.77,,,,False
2025-08-07,20.0,key_events_step,6340.0,16.57,,,,False
2025-08-08,20.0,key_events_step,6389.45,15.15,,,,False
2025-08-09,20.0,key_events_step,,,,,,False
2025-08-10,20.0,key_events_step,,,,,,False
2025-08-11,20.0,key_events_step,6373.45,16.25,,,,False
2025-08-12,20.0,key_events_step,6445.76,14.73,,,,False
2025-08-13,20.0,key_events_step,6466.58,14.49,,,,False
2025-08-14,20.0,key_events_step,6468.54,14.83,,,,False
2025-08-15,20.0,key_events_step,6449.8,15.09,,,,False
2025-08-16,20.0,key_events_step,,,,,,False
2025-08-17,20.0,key_events_step,,,,,,False
2025-08-18,20.0,key_events_step,6449.15,14.99,,,,False
2025-08-19,20.0,key_events_step,6411.37,15.57,,,,False
2025-08-20,20.0,key_events_step,6395.78,15.69,,,,False
2025-08-21,20.0,key_events_step,6370.17,16.6,,,,False
2025-08-22,20.0,key_events_step,6466.91,14.22,Powell Jackson Hole,negotiation,II,True
2025-08-23,20.0,key_events_step,,,,,,False
2025-08-24,20.0,key_events_step,,,,,,False
2025-08-25,20.0,key_events_step,6439.32,14.79,Federal Circuit rules vs IEEPA,legal,II,True
2025-08-26,20.0,key_events_step,6465.94,14.62,,,,False
2025-08-27,20.0,key_events_step,6481.4,14.85,,,,False
2025-08-28,20.0,key_events_step,6501.86,14.43,,,,False
2025-08-29,20.0,key_events_step,6460.26,15.36,,,,False
2025-08-30,20.0,key_events_step,,,,,,False
2025-08-31,20.0,key_events_step,,,,,,False
2025-09-01,20.0,key_events_step,,16.12,,,,False
2025-09-02,20.0,key_events_step,6415.54,17.17,,,,False
2025-09-03,20.0,key_events_step,6448.26,16.35,,,,False
2025-09-04,20.0,key_events_step,6502.08,15.3,,,,False
2025-09-05,20.0,key_events_step,6481.5,15.18,,,,False
2025-09-06,20.0,key_events_step,,,,,,False
2025-09-07,20.0,key_events_step,,,,,,False
2025-09-08,20.0,key_events_step,6495.15,15.11,,,,False
2025-09-09,20.0,key_events_step,6512.61,15.04,,,,False
2025-09-10,20.0,key_events_step,6532.04,15.35,,,,False
2025-09-11,20.0,key_events_step,6587.47,14.71,,,,False
2025-09-12,20.0,key_events_step,6584.29,14.76,,,,False
2025-09-13,20.0,key_events_step,,,,,,False
2025-09-14,20.0,key_events_step,,,,,,False
2025-09-15,18.0,key_events_step,6615.28,15.69,Reshoring investment surge,negotiation,III,True
2025-09-16,18.0,key_events_step,6606.76,16.36,,,,False
2025-09-17,18.0,key_events_step,6600.35,15.72,,,,False
2025-09-18,18.0,key_events_step,6631.96,15.7,,,,False
2025-09-19,18.0,key_events_step,6664.36,15.45,,,,False
2025-09-20,18.0,key_events_step,,,,,,False
2025-09-21,18.0,key_events_step,,,,,,False
2025-09-22,18.0,key_events_step,6693.75,16.1,,,,False
2025-09-23,18.0,key_events_step,6656.92,16.64,,,,False
2025-09-24,18.0,key_events_step,6637.97,16.18,,,,False
2025-09-25,18.0,key_events_step,6604.72,16.74,,,,False
2025-09-26,18.0,key_events_step,6643.7,15.29,,,,False
2025-09-27,18.0,key_events_step,,,,,,False
2025-09-28,18.0,key_events_step,,,,,,False
2025-09-29,18.0,key_events_step,6661.21,16.12,,,,False
2025-09-30,18.0,key_events_step,6688.46,16.28,,,,False
2025-10-01,18.0,key_events_step,6711.2,16.29,,,,False
2025-10-02,18.0,key_events_step,6715.35,16.63,,,,False
2025-10-03,18.0,key_events_step,6715.79,16.65,,,,False
2025-10-04,18.0,key_events_step,,,,,,False
2025-10-05,18.0,key_events_step,,,,,,False
2025-10-06,18.0,key_events_step,6740.28,16.37,,,,False
2025-10-07,18.0,key_events_step,6714.59,17.24,,,,False
2025-10-08,18.0,key_events_step,6753.72,16.3,,,,False
2025-10-09,18.0,key_events_step,6735.11,16.43,,,,False
2025-10-10,18.0,key_events_step,6552.51,21.66,,,,False
2025-10-11,18.0,key_events_step,,,,,,False
2025-10-12,18.0,key_events_step,,,,,,False
2025-10-13,18.0,key_events_step,6654.72,19.03,,,,False
2025-10-14,18.0,key_events_step,6644.31,20.81,,,,False
2025-10-15,18.0,key_events_step,6671.06,20.64,,,,False
2025-10-16,18.0,key_events_step,6629.07,25.31,,,,False
2025-10-17,18.0,key_events_step,6664.01,20.78,,,,False
2025-10-18,18.0,key_events_step,,,,,,False
2025-10-19,18.0,key_events_step,,,,,,False
2025-10-20,18.0,key_events_step,6735.13,18.23,,,,False
2025-10-21,18.0,key_events_step,6735.35,17.87,,,,False
2025-10-22,18.0,key_events_step,6699.4,18.6,,,,False
2025-10-23,18.0,key_events_step,6738.44,17.3,,,,False
2025-10-24,18.0,key_events_step,6791.69,16.37,,,,False
2025-10-25,18.0,key_events_step,,,,,,False
2025-10-26,18.0,key_events_step,,,,,,False
2025-10-27,18.0,key_events_step,6875.16,15.79,,,,False
2025-10-28,18.0,key_events_step,6890.89,16.42,,,,False
2025-10-29,18.0,key_events_step,6890.59,16.92,,,,False
2025-10-30,15.0,key_events_step,6822.34,16.91,US-China Busan deal,tariff_down,III,True
2025-10-31,15.0,key_events_step,6840.2,17.44,,,,False
2025-11-01,15.0,key_events_step,,,,,,False
2025-11-02,15.0,key_events_step,,,,,,False
2025-11-03,15.0,key_events_step,6851.97,17.17,,,,False
2025-11-04,15.0,key_events_step,6771.55,19.0,,,,False
2025-11-05,15.0,key_events_step,6796.29,18.01,,,,False
2025-11-06,15.0,key_events_step,6720.32,19.5,,,,False
2025-11-07,15.0,key_events_step,6728.8,19.08,,,,False
2025-11-08,15.0,key_events_step,,,,,,False
2025-11-09,15.0,key_events_step,,,,,,False
2025-11-10,15.0,key_events_step,6832.43,17.6,,,,False
2025-11-11,15.0,key_events_step,6846.61,17.28,,,,False
2025-11-12,15.0,key_events_step,6850.92,17.51,,,,False
2025-11-13,15.0,key_events_step,6737.49,20.0,,,,False
2025-11-14,15.0,key_events_step,6734.11,19.83,,,,False
2025-11-15,15.0,key_events_step,,,Manufacturing jobs data,negotiation,III,True
2025-11-16,15.0,key_events_step,,,,,,False
2025-11-17,15.0,key_events_step,6672.41,22.38,,,,False
2025-11-18,15.0,key_events_step,6617.32,24.69,,,,False
2025-11-19,15.0,key_events_step,6642.16,23.66,,,,False
2025-11-20,15.0,key_events_step,6538.76,26.42,,,,False
2025-11-21,15.0,key_events_step,6602.99,23.43,,,,False
2025-11-22,15.0,key_events_step,,,,,,False
2025-11-23,15.0,key_events_step,,,,,,False
2025-11-24,15.0,key_events_step,6705.12,20.52,,,,False
2025-11-25,15.0,key_events_step,6765.88,18.56,,,,False
2025-11-26,15.0,key_events_step,6812.61,17.19,,,,False
2025-11-27,15.0,key_events_step,,17.21,,,,False
2025-11-28,15.0,key_events_step,6849.09,16.35,,,,False
2025-11-29,15.0,key_events_step,,,,,,False
2025-11-30,15.0,key_events_step,,,,,,False
2025-12-01,15.0,key_events_step,6812.63,17.24,,,,False
2025-12-02,15.0,key_events_step,6829.37,16.59,,,,False
2025-12-03,15.0,key_events_step,6849.72,16.08,,,,False
2025-12-04,15.0,key_events_step,6857.12,15.78,,,,False
2025-12-05,15.0,key_events_step,6870.4,15.41,,,,False
2025-12-06,15.0,key_events_step,,,,,,False
2025-12-07,15.0,key_events_step,,,,,,False
2025-12-08,15.0,key_events_step,6846.51,16.66,,,,False
2025-12-09,15.0,key_events_step,6840.51,16.93,,,,False
2025-12-10,14.0,key_events_step,6886.68,15.77,Powell: very unusual economy,negotiation,III,True
2025-12-11,14.0,key_events_step,6901.0,14.85,,,,False
2025-12-12,14.0,key_events_step,6827.41,15.74,,,,False
2025-12-13,14.0,key_events_step,,,,,,False
2025-12-14,14.0,key_events_step,,,,,,False
2025-12-15,14.0,key_events_step,6816.51,16.5,,,,False
2025-12-16,14.0,key_events_step,6800.26,16.48,,,,False
2025-12-17,14.0,key_events_step,6721.43,17.62,,,,False
2025-12-18,14.0,key_events_step,6774.76,16.87,,,,False
2025-12-19,14.0,key_events_step,6834.5,14.91,,,,False
2025-12-20,14.0,key_events_step,,,,,,False
2025-12-21,14.0,key_events_step,,,,,,False
2025-12-22,14.0,key_events_step,6878.49,14.08,,,,False
2025-12-23,14.0,key_events_step,6909.79,14.0,,,,False
2025-12-24,14.0,key_events_step,6932.05,13.47,,,,False
2025-12-25,14.0,key_events_step,,,,,,False
2025-12-26,14.0,key_events_step,6929.94,13.6,,,,False
2025-12-27,14.0,key_events_step,,,,,,False
2025-12-28,14.0,key_events_step,,,,,,False
2025-12-29,14.0,key_events_step,6905.74,14.2,,,,False
2025-12-30,14.0,key_events_step,6896.24,14.33,,,,False
2025-12-31,14.0,key_events_step,6845.5,14.95,2025 trade deficit widens,negotiation,III,True
2026-01-01,14.0,key_events_step,,,,,,False
2026-01-02,14.0,key_events_step,6858.47,14.51,,,,False
2026-01-03,14.0,key_events_step,,,,,,False
2026-01-04,14.0,key_events_step,,,,,,False
2026-01-05,14.0,key_events_step,6902.05,14.9,,,,False
2026-01-06,14.0,key_events_step,6944.82,14.75,,,,False
2026-01-07,14.0,key_events_step,6920.93,15.38,,,,False
2026-01-08,14.0,key_events_step,6921.46,15.45,,,,False
2026-01-09,14.0,key_events_step,6966.28,14.49,,,,False
2026-01-10,14.0,key_events_step,,,,,,False
2026-01-11,14.0,key_events_step,,,,,,False
2026-01-12,14.0,key_events_step,6977.27,15.12,,,,False
2026-01-13,14.0,key_events_step,6963.74,15.98,,,,False
2026-01-14,14.0,key_events_step,6926.6,16.75,,,,False
2026-01-15,14.0,key_events_step,6944.47,15.84,SCOTUS accepts IEEPA case,legal,IV,True
2026-01-16,14.0,key_events_step,6940.01,15.86,,,,False
2026-01-17,14.0,key_events_step,,,,,,False
2026-01-18,14.0,key_events_step,,,,,,False
2026-01-19,14.0,key_events_step,,18.84,,,,False
2026-01-20,14.0,key_events_step,6796.86,20.09,,,,False
2026-01-21,14.0,key_events_step,6875.62,16.9,,,,False
2026-01-22,14.0,key_events_step,6913.35,15.64,,,,False
2026-01-23,14.0,key_events_step,6915.61,16.09,,,,False
2026-01-24,14.0,key_events_step,,,,,,False
2026-01-25,14.0,key_events_step,,,,,,False
2026-01-26,14.0,key_events_step,6950.23,16.15,,,,False
2026-01-27,14.0,key_events_step,6978.6,16.35,,,,False
2026-01-28,14.0,key_events_step,6978.03,16.35,,,,False
2026-01-29,14.0,key_events_step,6969.01,16.88,,,,False
2026-01-30,14.0,key_events_step,6939.03,17.44,,,,False
2026-01-31,14.0,key_events_step,,,,,,False
2026-02-01,14.0,key_events_step,,,,,,False
2026-02-02,14.0,key_events_step,6976.44,16.34,,,,False
2026-02-03,14.0,key_events_step,6917.81,18.0,,,,False
2026-02-04,14.0,key_events_step,6882.72,18.64,,,,False
2026-02-05,14.0,key_events_step,6798.4,21.77,,,,False
2026-02-06,14.0,key_events_step,6932.3,17.76,,,,False
2026-02-07,14.0,key_events_step,,,,,,False
2026-02-08,14.0,key_events_step,,,,,,False
2026-02-09,14.0,key_events_step,6964.82,17.36,,,,False
2026-02-10,14.0,key_events_step,6941.81,17.79,,,,False
2026-02-11,14.0,key_events_step,6941.47,17.65,,,,False
2026-02-12,14.0,key_events_step,6832.76,20.82,,,,False
2026-02-13,14.0,key_events_step,6836.17,20.6,,,,False
2026-02-14,14.0,key_events_step,,,,,,False
2026-02-15,14.0,key_events_step,,,,,,False
2026-02-16,14.0,key_events_step,,21.2,,,,False
2026-02-17,14.0,key_events_step,6843.22,20.29,,,,False
2026-02-18,14.0,key_events_step,6881.31,19.62,,,,False
2026-02-19,14.0,key_events_step,6861.89,20.23,,,,False
2026-02-20,14.0,key_events_step,6909.51,19.09,SCOTUS strikes down IEEPA 6-3,legal,IV,True
2026-02-21,14.0,key_events_step,,,,,,False
2026-02-22,14.0,key_events_step,,,,,,False
2026-02-23,14.0,key_events_step,6837.75,21.01,,,,False
2026-02-24,13.0,key_events_step,6890.07,19.55,Section 122 takes effect,tariff_up,IV,True
2026-02-25,13.0,key_events_step,6946.13,17.93,,,,False
2026-02-26,13.0,key_events_step,6908.86,18.63,,,,False
2026-02-27,13.0,key_events_step,6878.88,19.86,,,,False
2026-02-28,13.0,key_events_step,,,,,,False
2026-03-01,13.0,key_events_step,,,,,,False
2026-03-02,13.0,key_events_step,6881.62,21.44,,,,False
2026-03-03,13.0,key_events_step,6816.63,23.57,,,,False
2026-03-04,13.0,key_events_step,6869.5,21.15,,,,False
2026-03-05,13.0,key_events_step,6830.71,23.75,,,,False
2026-03-06,13.0,key_events_step,6740.02,29.49,,,,False
2026-03-07,13.0,key_events_step,,,,,,False
2026-03-08,13.0,key_events_step,,,,,,False
2026-03-09,13.0,key_events_step,6795.99,25.5,,,,False
2026-03-10,13.0,key_events_step,6781.48,24.93,,,,False
2026-03-11,13.0,key_events_step,6775.8,24.23,S301 investigations launched,tariff_up,IV,True
2026-03-12,13.0,key_events_step,6672.62,27.29,,,,False
2026-03-13,13.0,key_events_step,6632.19,27.19,,,,False
2026-03-14,13.0,key_events_step,,,,,,False
2026-03-15,13.0,key_events_step,,,,,,False
2026-03-16,13.0,key_events_step,6699.38,23.51,,,,False
2026-03-17,13.0,key_events_step,6716.09,22.37,,,,False
2026-03-18,13.0,key_events_step,6624.7,25.09,,,,False
2026-03-19,13.0,key_events_step,6606.49,24.06,,,,False
2026-03-20,13.0,key_events_step,6506.48,26.78,,,,False
2026-03-21,13.0,key_events_step,,,,,,False
2026-03-22,13.0,key_events_step,,,,,,False
2026-03-23,13.0,key_events_step,6581.0,26.15,,,,False
2026-03-24,13.0,key_events_step,6556.37,26.95,,,,False
2026-03-25,13.0,key_events_step,6591.9,25.33,,,,False
2026-03-26,13.0,key_events_step,6477.16,27.44,,,,False
2026-03-27,13.0,key_events_step,6368.85,31.05,,,,False
2026-03-28,13.0,key_events_step,,,,,,False
2026-03-29,13.0,key_events_step,,,,,,False
2026-03-30,13.0,key_events_step,6343.72,30.61,,,,False
2026-03-31,13.0,key_events_step,6528.52,25.25,,,,False
2026-04-01,13.0,key_events_step,6575.32,24.54,,,,False
2026-04-02,13.0,key_events_step,6582.69,23.87,,,,False
2026-04-03,13.0,key_events_step,,,,,,False
2026-04-04,13.0,key_events_step,,,,,,False
2026-04-05,13.0,key_events_step,,,,,,False
2026-04-06,13.0,key_events_step,6611.83,24.17,,,,False
2026-04-07,13.0,key_events_step,6616.85,,,,,False
2026-04-08,13.0,key_events_step,,,Current date,threat,IV,True
2026-04-09,13.0,key_events_step,,,,,,False
2026-04-10,13.0,key_events_step,,,,,,False
2026-04-11,13.0,key_events_step,,,,,,False
2026-04-12,13.0,key_events_step,,,,,,False
2026-04-13,13.0,key_events_step,,,,,,False
2026-04-14,13.0,key_events_step,,,,,,False
2026-04-15,13.0,key_events_step,,,,,,False
2026-04-16,13.0,key_events_step,,,,,,False
2026-04-17,13.0,key_events_step,,,,,,False
2026-04-18,13.0,key_events_step,,,,,,False
2026-04-19,13.0,key_events_step,,,,,,False
2026-04-20,13.0,key_events_step,,,,,,False
2026-04-21,13.0,key_events_step,,,,,,False
2026-04-22,13.0,key_events_step,,,,,,False
2026-04-23,13.0,key_events_step,,,,,,False
2026-04-24,13.0,key_events_step,,,,,,False
2026-04-25,13.0,key_events_step,,,,,,False
2026-04-26,13.0,key_events_step,,,,,,False
2026-04-27,13.0,key_events_step,,,,,,False
2026-04-28,13.0,key_events_step,,,,,,False
2026-04-29,13.0,key_events_step,,,,,,False
2026-04-30,13.0,key_events_step,,,,,,False
2026-05-01,13.0,key_events_step,,,,,,False
2026-05-02,13.0,key_events_step,,,,,,False
2026-05-03,13.0,key_events_step,,,,,,False
2026-05-04,13.0,key_events_step,,,,,,False
2026-05-05,13.0,key_events_step,,,,,,False
2026-05-06,13.0,key_events_step,,,,,,False
2026-05-07,13.0,key_events_step,,,,,,False
2026-05-08,13.0,key_events_step,,,,,,False
2026-05-09,13.0,key_events_step,,,,,,False
2026-05-10,13.0,key_events_step,,,,,,False
2026-05-11,13.0,key_events_step,,,,,,False
2026-05-12,13.0,key_events_step,,,,,,False
2026-05-13,13.0,key_events_step,,,,,,False
2026-05-14,13.0,key_events_step,,,,,,False
2026-05-15,13.0,key_events_step,,,,,,False
2026-05-16,13.0,key_events_step,,,,,,False
2026-05-17,13.0,key_events_step,,,,,,False
2026-05-18,13.0,key_events_step,,,,,,False
2026-05-19,13.0,key_events_step,,,,,,False
2026-05-20,13.0,key_events_step,,,,,,False
2026-05-21,13.0,key_events_step,,,,,,False
2026-05-22,13.0,key_events_step,,,,,,False
2026-05-23,13.0,key_events_step,,,,,,False
2026-05-24,13.0,key_events_step,,,,,,False
2026-05-25,13.0,key_events_step,,,,,,False
2026-05-26,13.0,key_events_step,,,,,,False
2026-05-27,13.0,key_events_step,,,,,,False
2026-05-28,13.0,key_events_step,,,,,,False
2026-05-29,13.0,key_events_step,,,,,,False
2026-05-30,13.0,key_events_step,,,,,,False
2026-05-31,13.0,key_events_step,,,,,,False
2026-06-01,13.0,key_events_step,,,,,,False
2026-06-02,13.0,key_events_step,,,,,,False
2026-06-03,13.0,key_events_step,,,,,,False
2026-06-04,13.0,key_events_step,,,,,,False
2026-06-05,13.0,key_events_step,,,,,,False
2026-06-06,13.0,key_events_step,,,,,,False
2026-06-07,13.0,key_events_step,,,,,,False
2026-06-08,13.0,key_events_step,,,,,,False
2026-06-09,13.0,key_events_step,,,,,,False
2026-06-10,13.0,key_events_step,,,,,,False
2026-06-11,13.0,key_events_step,,,,,,False
2026-06-12,13.0,key_events_step,,,,,,False
2026-06-13,13.0,key_events_step,,,,,,False
2026-06-14,13.0,key_events_step,,,,,,False
2026-06-15,13.0,key_events_step,,,,,,False
2026-06-16,13.0,key_events_step,,,,,,False
2026-06-17,13.0,key_events_step,,,,,,False
2026-06-18,13.0,key_events_step,,,,,,False
2026-06-19,13.0,key_events_step,,,,,,False
2026-06-20,13.0,key_events_step,,,,,,False
2026-06-21,13.0,key_events_step,,,,,,False
2026-06-22,13.0,key_events_step,,,,,,False
2026-06-23,13.0,key_events_step,,,,,,False
2026-06-24,13.0,key_events_step,,,,,,False
2026-06-25,13.0,key_events_step,,,,,,False
2026-06-26,13.0,key_events_step,,,,,,False
2026-06-27,13.0,key_events_step,,,,,,False
2026-06-28,13.0,key_events_step,,,,,,False
2026-06-29,13.0,key_events_step,,,,,,False
2026-06-30,13.0,key_events_step,,,,,,False
2026-07-01,13.0,key_events_step,,,,,,False
2026-07-02,13.0,key_events_step,,,,,,False
2026-07-03,13.0,key_events_step,,,,,,False
2026-07-04,13.0,key_events_step,,,,,,False
2026-07-05,13.0,key_events_step,,,,,,False
2026-07-06,13.0,key_events_step,,,,,,False
2026-07-07,13.0,key_events_step,,,,,,False
2026-07-08,13.0,key_events_step,,,,,,False
2026-07-09,13.0,key_events_step,,,,,,False
2026-07-10,13.0,key_events_step,,,,,,False
2026-07-11,13.0,key_events_step,,,,,,False
2026-07-12,13.0,key_events_step,,,,,,False
2026-07-13,13.0,key_events_step,,,,,,False
2026-07-14,13.0,key_events_step,,,,,,False
2026-07-15,13.0,key_events_step,,,,,,False
2026-07-16,13.0,key_events_step,,,,,,False
2026-07-17,13.0,key_events_step,,,,,,False
2026-07-18,13.0,key_events_step,,,,,,False
2026-07-19,13.0,key_events_step,,,,,,False
2026-07-20,13.0,key_events_step,,,,,,False
2026-07-21,13.0,key_events_step,,,,,,False
2026-07-22,13.0,key_events_step,,,,,,False
2026-07-23,13.0,key_events_step,,,,,,False
2026-07-24,8.1,key_events_step,,,S122 expires,threat,IV,True
